country,subnational1,initial_area_ha,extent_2010_ha,gain_2010_2020_ha,tc_loss_ha_2010,tc_loss_ha_2011,tc_loss_ha_2012,tc_loss_ha_2013,tc_loss_ha_2014,tc_loss_ha_2015,tc_loss_ha_2016,tc_loss_ha_2017,tc_loss_ha_2018,tc_loss_ha_2019,tc_loss_ha_2020,loss_agri_perc,loss_urban_perc,loss_wildfire_perc,avg_tc_loss,extent_2020_ha
Brazil,Acre,15273530,15273530,66320,42826,40417,63217,50932,65615,52361,94455,92330,89247,88149,94978,0.12,7.057,10.583,70411.54545,14499003
Brazil,Alagoas,2775821,2775821,15736,8578,3550,8171,4393,4144,1069,2423,4710,3359,2364,3262,0.735,3.249,12.479,4183.909091,2729798
Brazil,Amapá,14221803,14221803,74530,10670,15296,21194,16069,20773,17124,42334,43099,15870,12518,9951,0.519,10.481,15.038,20445.27273,13996905
Brazil,Amazonas,156639184,148481870,223821,148229,84682,161271,123622,142781,152918,540537,256711,190032,211982,238719,0.669,6.733,11.914,204680.3636,154387700
Brazil,Bahia,56331366,5528285,389384,71169,49320,87027,47847,60581,40378,90758,68062,41018,31670,31584,0.224,13.902,9.601,56310.36364,55711952
Brazil,Ceará,14881135,14881135,25964,64016,11941,62854,50127,50355,25215,44174,50715,32185,18812,19887,0.896,8.124,14.223,39116.45455,14450854
Brazil,Distrito Federal,580299,580299,6207,206,234,365,164,620,510,780,927,630,539,322,0.144,2.308,13.017,481.5454545,575002
Brazil,Espírito Santo,4375196,4375196,136909,14572,18759,28481,23095,51991,36756,48875,59320,45218,22606,17295,0.397,5.69,9.397,33360.72727,4008228
Brazil,Goiás,34037005,34037005,289255,49458,51186,75863,58151,82737,73381,85949,138196,63934,74101,70038,0.826,11.276,15.786,74817.63636,33214011
Brazil,Maranhão,33029284,12372819,379791,191244,102788,193265,225558,273684,218686,685069,354111,322154,194409,224374,0.57,4.845,10.862,271394.7273,30043942
Brazil,Mato Grosso,90462712,90462712,690987,539723,363992,566587,263681,422047,375851,661213,979113,503374,492270,943277,0.318,9.671,13.928,555557.0909,84351584
Brazil,Mato Grosso do Sul,35703986,35703986,999966,61954,89021,96445,75743,98442,92340,123408,120695,119841,140354,233367,0.747,12.058,12.145,113782.7273,34452376
Brazil,Minas Gerais,58899333,58899333,1304430,194501,106863,234994,195289,359992,258788,376765,366812,259032,239046,245292,0.181,7.39,14.536,257943.0909,56061959
Brazil,Paraná,19915972,19915972,498438,63939,62236,84559,81216,91891,69311,110272,157591,96297,101075,86317,0.916,3.782,11.228,91336.72727,18911268
Brazil,Paraíba,5638303,5638303,11801,16623,5372,19489,10762,9890,6620,7407,9898,6068,3566,4217,0.615,13.115,9.91,9082.909091,5538391
Brazil,Pará,124836730,124836730,790212,568825,439665,564158,464885,611817,525810,1664374,1428080,901690,771152,893928,0.132,6.556,15.241,803125.8182,116002346
Brazil,Pernambuco,9822549,9822549,21626,34625,14661,44892,17045,15016,7953,14065,12389,11737,6245,9598,0.703,2.974,10.375,17111.45455,9634323
Brazil,Piauí,25110054,25110054,54850,124572,99339,171254,117643,143583,82622,192364,112006,133172,88742,94011,0.337,10.003,13.365,123573.4545,23750746
Brazil,Rio Grande do Norte,5324734,5324734,4668,14594,5939,17962,7666,8573,5032,7971,6327,3119,2582,2793,0.983,4.421,12.819,7505.272727,5242176
Brazil,Rio Grande do Sul,27142235,5135859,575081,22114,18519,44939,23249,29899,20102,32476,47487,27793,27574,30386,0.159,8.9,9.087,29503.45455,26817697
Brazil,Rio de Janeiro,4368757,4368757,41201,2891,4655,3152,3088,9640,5213,4702,18926,5384,4424,4753,0.896,11.537,14.919,6075.272727,4301929
Brazil,Rondônia,23637740,23637740,132560,207719,156550,163002,83422,200987,172076,280120,298030,200205,198684,215910,0.29,5.163,11.691,197882.2727,21461035
Brazil,Roraima,22438018,22438018,39996,23129,19540,20890,20199,33317,34785,340488,48131,51179,163640,36077,0.611,12.799,10.781,71943.18182,21646643
Brazil,Santa Catarina,9863944,9863944,371609,36969,33334,44980,45541,61421,41684,78506,103007,66338,66248,67494,0.937,9.284,13.153,58683.81818,9218422
Brazil,Sergipe,2202799,2202799,10892,12393,9706,5266,4118,3419,1904,4824,9447,3031,3614,5019,0.247,3.147,9.405,5703.727273,2140058
Brazil,São Paulo,24760753,24760753,747653,82651,58979,95934,89328,90172,71114,89994,104060,71649,73252,65365,0.778,7.876,2.056,81136.18182,23868255
Brazil,Tocantins,27762408,27762408,158448,79210,68785,114946,122306,161914,162287,189534,243628,173419,138598,138815,0.194,13.659,4.68,144858.3636,26168966
India,Andaman and Nicobar,761084,761084,2229,780,99,771,542,1808,78,183,308,121,197,1423,0.826,9.055,1.204,573.6363636,754774
India,Andhra Pradesh,16004980,16004980,194340,1265,4392,2378,4271,4068,2320,6048,6735,9999,7316,5461,0.16,13.428,0.983,4932.090909,15950727
India,Arunachal Pradesh,8199543,8199543,64907,6063,13103,15644,11284,16147,15258,23294,23546,14387,12468,16246,0.489,10.672,2.017,15221.81818,8032103
India,Assam,7849232,7849232,163055,11000,15240,18020,10583,26064,15324,29272,20867,17788,13376,22087,1.76,12.009,1.356,18147.36364,7649611
India,Bihar,9423241,9423241,42365,206,103,280,198,127,24,25,50,22,21,45,1.04,11.384,1.768,100.0909091,9422140
India,Chandigarh,11812,11812,197,0,0,0,0,0,0,0,0,0,0,0,0.63,13.961,1.029,0,11812
India,Chhattisgarh,13543155,13543155,57778,1881,9110,4670,2142,2520,2051,3058,2307,3178,2843,1660,1.21,9.873,2.201,3220,13507735
India,Dadra and Nagar Haveli,49152,0,425,0,0,0,0,0,0,0,0,0,0,0,0.95,14.012,1.483,0,49152
India,Daman and Diu,8354,8354,168,0,0,0,0,0,0,0,0,0,0,0,1.87,10.221,1.116,0,8354
India,Goa,369568,17751,4030,0,29,10,2,4,4,9,10,10,7,3,0.74,12.598,2.089,8,369480
India,Gujarat,18572011,18572011,41730,8,12,41,75,31,0,0,0,8,11,4,1.58,11.947,0.972,17.27272727,18571821
India,Haryana,4402448,28437,9788,33,12,41,1,1,0,1,0,0,6,1,0.66,13.111,1.658,8.727272727,4402352
India,Himachal Pradesh,5560349,355045,42350,146,31,456,21,15,1,3,44,101,59,22,1.42,10.854,2.274,81.72727273,5559450
India,Jammu and Kashmir,10566005,10566005,57484,312,89,433,77,84,3,19,87,103,39,64,0.8,9.39,1.091,119.0909091,10564695
India,Jharkhand,8003988,1163,61611,63,36,27,0,1,0,0,0,0,0,0,1.15,13.776,1.837,11.54545455,8003861
India,Karnataka,19137912,19137912,222397,937,2420,3476,4776,4800,3006,6957,6646,7806,5936,7221,0.53,12.362,0.956,4907.363636,19083931
India,Kerala,3770052,655109,18432,72,2100,1834,1143,1600,1295,2797,4188,2474,3310,3079,1.73,11.623,2.127,2172,3746160
India,Lakshadweep,3482,3482,0,0,0,0,0,0,0,0,0,0,0,0,0.97,10.095,1.573,0,3482
India,Madhya Pradesh,30805387,6822,46558,18,46,17,2,6,1,3,2,7,0,1,1.36,13.209,1.328,9.363636364,30805284
India,Maharashtra,30733885,30733885,52691,586,2811,2004,1550,1809,814,2161,1819,2165,2192,1586,0.6,9.708,2.044,1772.454545,30714388
India,Manipur,2232073,1250333,15758,3622,5116,6740,7468,9981,9643,13773,12143,8782,8601,9187,1.68,12.834,1.019,8641.454545,2137017
India,Meghalaya,2251620,2251620,23721,6734,5811,6274,9654,21816,19432,24612,26762,17321,15134,15822,0.84,10.987,1.912,15397.45455,2082248
India,Mizoram,2125175,1356090,16562,2516,2783,5029,6262,10235,13275,20639,25878,14117,13432,13693,1.27,14.027,1.246,11623.54545,1997316
India,NCT of Delhi,150220,150220,512,5,2,6,1,0,0,0,0,0,0,0,0.71,11.239,0.995,1.272727273,150206
India,Nagaland,1659962,936180,30302,3884,5430,7653,6553,10947,9954,12228,11590,7691,6160,7988,1.9,9.561,2.298,8188.909091,1569884
India,Odisha,15563805,15563805,139736,2856,7019,5332,10230,14171,7535,16567,19824,19021,15368,18157,1.03,12.413,1.204,12370.90909,15427725
India,Puducherry,54733,130,604,0,1,1,1,1,1,6,2,2,1,4,0.57,10.742,0.983,1.818181818,54713
India,Punjab,5022577,5022577,21485,180,78,234,106,98,5,3,0,49,172,258,1.48,13.096,2.017,107.5454545,5021394
India,Rajasthan,34190098,12,12822,2,2,6,0,0,0,0,0,0,0,0,0.79,9.684,1.356,0.909090909,34190088
India,Sikkim,708307,708307,6551,95,316,108,54,47,8,114,142,132,285,303,1.74,11.557,1.768,145.8181818,706703
India,Tamil Nadu,13028087,203889,163913,51,700,984,305,460,482,538,647,814,753,428,0.85,13.932,1.029,560.1818182,13021925
India,Telangana,11471211,11471211,55683,1813,10563,7672,2524,3992,660,1002,654,1273,1657,780,1.62,10.128,2.201,2962.727273,11438621
India,Tripura,1053626,154536,16775,2207,1588,1386,727,1742,1423,1884,6039,2566,4074,4349,0.94,12.809,1.483,2544.090909,1025641
India,Uttar Pradesh,24075139,24075139,122778,787,1331,1612,477,496,207,236,83,164,83,95,1.39,9.911,1.116,506.4545455,24069568
India,Uttarakhand,5380852,758336,39587,398,340,805,146,255,271,412,265,299,344,371,0.68,14.073,2.089,355.0909091,5376946
India,West Bengal,8536526,8536526,132366,2452,1216,2135,1113,2676,1496,2899,2542,1876,2239,2109,1.29,10.597,0.972,2068.454545,8513773
China,Anhui,14030558,1021708,154743,14506,10936,13634,6866,8764,7276,9142,7993,4982,4205,3298,3.274,2.134,4.782,8327.454545,13938956
China,Beijing,1640538,1640538,40405,167,149,131,90,79,10,151,112,68,725,732,4.812,3.672,9.135,219.4545455,1638124
China,Chongqing,8243894,739941,44410,916,777,401,470,451,327,798,903,663,721,652,2.537,1.958,6.34,643.5454545,8236815
China,Fujian,12212106,12212106,107806,63757,108220,58806,45653,70536,63702,96780,98938,78640,69677,54821,3.998,2.849,3.926,73593.63636,11402576
China,Gansu,40517546,105351,86432,330,197,845,27,39,1,221,12,50,19,13,4.156,3.12,10.287,159.4545455,40515792
China,Guangdong,17783103,17783103,247582,80856,102565,104164,123852,157562,156313,217230,161745,149681,116412,88568,2.103,2.437,5.813,132631.6364,16324155
China,Guangxi,23655762,2917707,393880,102787,95830,82818,44012,48022,45282,69704,59381,58365,41537,40422,3.689,1.99,8.041,62560,22967602
China,Guizhou,17597951,17597951,252154,31548,17527,15840,29143,24533,19387,33457,53722,43767,30260,24329,4.701,3.995,3.657,29410.27273,17274438
China,Hainan,3406133,898602,114918,10891,13589,12862,5688,8419,8199,13797,13613,11753,9391,8230,2.965,2.765,9.829,10584.72727,3289701
China,Hebei,18758151,18758151,308691,2383,2640,4003,1086,1401,878,2863,2770,1385,8366,6590,3.432,3.388,6.913,3124.090909,18723786
China,Heilongjiang,45483298,1977957,570903,22251,8356,10512,3626,2615,843,1650,1375,2034,1495,1112,2.205,2.053,4.127,5079,45427429
China,Henan,16553464,16553464,196528,2001,3043,3866,3752,2192,1432,3168,2838,2272,9193,10479,4.319,3.817,10.45,4021.454545,16509228
China,Hubei,18601662,1629774,130095,2608,5814,4610,1552,1074,945,2019,2097,1091,1553,1686,2.681,2.613,7.234,2277.181818,18576613
China,Hunan,21208248,21208248,133356,51531,42877,65300,53744,36138,49615,65420,56861,60854,42918,41127,4.025,2.921,5.391,51489.54545,20641863
China,Jiangsu,10169875,10926,119513,347,237,120,19,11,20,19,56,58,21,23,3.156,3.042,9.018,84.63636364,10168944
China,Jiangxi,16700205,16700205,104853,51974,56227,77604,70494,82723,90882,124439,111088,94302,79012,63488,2.479,1.984,3.509,82021.18182,15797972
China,Jilin,19100919,607849,255358,1570,1977,862,312,839,454,566,540,412,1220,832,4.893,2.376,10.798,871.2727273,19091335
China,Liaoning,14580901,14580901,279563,3610,8240,5576,2060,6272,5592,10720,12401,8125,21642,11088,3.001,3.758,6.526,8666,14485575
China,Nei Mongol,114648004,115298,206657,3828,974,836,37,43,43,45,104,88,53,63,4.238,2.844,8.912,555.8181818,114641890
China,Ningxia Hui,5185996,5185996,389,8,3,16,7,1,0,0,4,0,39,2,2.835,1.937,4.663,7.272727273,5185916
China,Qinghai,71570849,2846,3341,9,1,37,1,0,0,0,0,0,0,0,3.817,3.265,7.889,4.363636364,71570801
China,Shaanxi,20589738,20589738,191759,2468,1188,1945,2307,1153,397,2229,2945,2193,8674,5353,2.392,2.511,5.14,2804.727273,20558886
China,Shandong,15550735,10580,326973,22,111,151,2,27,3,27,22,17,88,382,4.672,3.944,3.283,77.45454545,15549883
China,Shanghai,688366,688366,33870,2,5,3,18,5,10,80,92,45,70,109,3.518,2.196,10.057,39.90909091,687927
China,Shanxi,15646698,394702,204812,523,1134,1884,171,162,47,286,135,87,2645,1069,2.752,3.08,6.674,740.2727273,15638555
China,Sichuan,48383464,48383464,514633,9771,10675,13009,10662,14866,7306,22536,38624,33366,34292,47238,3.274,2.134,4.782,22031.36364,48141119
China,Tianjin,1169889,665,24785,13,3,3,0,0,0,0,0,0,0,0,4.812,3.672,9.135,1.727272727,1169870
China,Xinjiang Uygur,162943851,162943851,69499,890,581,1408,927,70,0,93,281,14,53,171,2.537,1.958,6.34,408,162939363
China,Xizang,113015966,753060,99584,969,586,939,240,175,79,698,1349,981,638,636,3.998,2.849,3.926,662.7272727,113008676
China,Yunnan,38306895,38306895,1380014,74080,39413,87324,64806,86322,73057,106934,83187,64688,88117,73024,4.156,3.12,10.287,76450.18182,37465943
China,Zhejiang,10278749,2055345,92120,12169,9892,13317,7395,10112,6155,8750,10506,7187,5668,4359,2.103,2.437,5.813,8682.727273,10183239
United States,Alabama,13363464,13363464,711670,177767,150032,137998,172357,171540,168611,176401,188059,120526,156510,152821,1.473,1.473,3.284,161147.4545,11590842
United States,Alaska,150737804,22291888,2487551,27964,66790,62726,148253,252602,264359,64228,14822,53732,238047,34505,1.289,1.672,2.119,111638.9091,149509776
United States,Arizona,29535713,29535713,25872,2649,89334,15195,22235,11575,18083,5449,6347,4246,7823,49726,1.056,1.984,4.107,21151.09091,29303051
United States,Arkansas,13769059,5738405,456504,110114,88001,74733,110323,97477,116516,109971,85950,85488,105637,83900,2.093,1.208,1.683,97100.90909,12700949
United States,California,40961694,40961694,225940,56565,82658,73763,76944,53755,119611,166506,230301,139105,39363,35890,0.978,1.039,10.947,97678.27273,39887233
United States,Colorado,26974269,1331794,76251,9924,17577,8715,10808,16086,5523,51046,19542,4790,17040,7616,1.614,1.85,3.856,15333.36364,26805602
United States,Connecticut,1289228,1289228,16154,830,1042,679,1127,1247,1369,1017,955,609,952,502,1.387,1.564,1.275,939,1278899
United States,Delaware,529624,120665,13559,1120,614,401,1040,841,751,887,506,515,580,344,2.017,1.312,4.388,690.8181818,522025
United States,District of Columbia,16607,16607,80,2,2,1,2,2,9,2,4,2,10,3,1.238,2.017,3.019,3.545454545,16568
United States,Florida,14745993,4387120,579989,94702,81535,82806,101239,92855,102789,98547,91214,78071,86966,82004,1.695,0.986,3.708,90248,13753265
United States,Georgia,15243415,15243415,893856,165662,161891,141946,176543,174410,188172,202553,174301,131921,168437,186080,1.492,1.145,4.751,170174.1818,13371499
United States,Hawaii,1672429,483657,26849,515,595,682,623,491,398,675,593,417,445,226,0.991,1.653,2.672,514.5454545,1666769
United States,Idaho,21643984,21643984,150420,88379,34281,40346,58805,45908,68544,165176,124837,26145,37327,35942,1.857,1.729,1.508,65971.81818,20918294
United States,Illinois,15008781,1086390,186921,780,576,521,469,619,527,623,615,1074,523,604,1.634,1.297,3.69,630.0909091,15001850
United States,Indiana,9436269,9436269,142627,610,524,540,1127,1019,1167,1362,1333,1222,931,1555,1.179,1.508,2.223,1035.454545,9424879
United States,Iowa,14584483,395980,100296,162,121,94,216,159,215,243,209,196,216,288,2.075,1.062,4.563,192.6363636,14582364
United States,Kansas,21312413,21312413,109840,903,604,394,772,640,614,837,968,571,541,658,1.128,1.387,1.157,682,21304911
United States,Kentucky,10452628,4323084,257422,11749,7970,8550,12983,14621,13510,17161,16843,11832,13561,9259,0.977,2.021,3.497,12549,10314589
United States,Louisiana,12073542,12073542,522024,103056,97037,89042,115841,126993,121566,117852,106885,93415,107448,96327,1.683,1.217,2.861,106860.1818,10898080
United States,Maine,8436323,6450221,204941,43725,45481,29068,48764,50430,46150,45006,55926,42031,41753,28051,1.349,1.752,1.346,43307.72727,7959938
United States,Maryland,2566846,2566846,62557,4445,4039,2309,3431,4270,4638,3729,2750,2462,2425,1713,1.067,1.901,4.632,3291.909091,2530635
United States,Massachusetts,2102300,1232813,32455,1816,1834,1683,2212,2157,2635,2079,2315,1461,1748,1806,2.049,1.038,3.045,1976.909091,2080554
United States,Michigan,25036039,25036039,531913,21535,19318,13189,28656,25681,26423,27426,31496,29563,26260,19239,1.398,0.971,1.993,24435.09091,24767253
United States,Minnesota,22534484,5458632,441102,28038,22398,15945,29099,28218,30803,37703,35971,23399,27003,30628,1.752,1.283,4.274,28109.54545,22225279
United States,Mississippi,12354581,12354581,685314,133334,107325,103052,129209,165426,127212,133450,141290,96452,127746,110276,1.394,1.126,2.526,124979.2727,10979809
United States,Missouri,18056896,4615794,390246,15194,12632,10632,15372,14204,17595,28360,18237,27903,12557,11943,1.183,1.671,1.412,16784.45455,17872267
United States,Montana,38089679,38089679,177622,125192,60858,76666,204423,66226,60427,145900,112671,26952,36282,24733,1.264,1.834,4.878,85484.54545,37149349
United States,Nebraska,20020895,7601,49166,68,51,75,164,134,106,158,80,68,76,98,1.939,1.099,2.394,98,20019817
United States,Nevada,28628391,28628391,28764,3468,5688,1939,5062,10188,4216,3595,4383,2057,1077,1774,1.658,2.067,1.836,3949.727273,28584944
United States,New Hampshire,2399772,1885782,42970,6722,6267,3358,6298,7751,7561,7559,9557,6546,7950,4487,2.019,1.324,3.122,6732.363636,2325716
United States,New Jersey,1969753,1969753,44287,2118,1711,599,2213,1449,1637,4334,1167,939,1462,583,0.995,1.439,1.104,1655.636364,1951541
United States,New Mexico,31486425,308899,51593,1522,3692,2937,7804,2490,7749,1785,2212,489,1818,15820,1.782,1.251,4.739,4392.545455,31438107
United States,New York,13518668,13518668,232235,6359,4983,3487,7995,8629,6584,7333,6587,5060,6432,4135,1.391,1.983,2.078,6144,13451084
United States,North Carolina,12781835,6164750,507414,85815,83090,62197,86478,95026,88420,94921,95277,66560,82680,83029,2.003,1.756,3.548,83953.90909,11858342
United States,North Dakota,18314184,18314184,8988,437,847,282,895,835,743,695,969,150,536,376,1.329,1.189,1.19,615,18307419
United States,Ohio,11993914,2688898,187052,5423,5211,4795,5497,6988,6503,7673,8298,5779,8385,5846,1.875,1.053,4.836,6399.818182,11923516
United States,Oklahoma,18104043,18104043,233324,25991,24556,15308,24232,26502,27665,27437,27354,22623,20630,21921,1.063,2.049,3.371,24019.90909,17839824
United States,Oregon,25141109,7058970,379002,57674,154215,84901,107768,67157,81145,65706,77737,56457,63553,59951,1.197,1.31,1.694,79660.36364,24264845
United States,Pennsylvania,11729833,11729833,203129,8157,10224,5335,11961,12202,14623,17878,13302,11683,12852,11984,0.993,1.942,4.019,11836.45455,11599632
United States,Rhode Island,283338,153334,3551,250,212,203,229,268,336,248,376,194,198,62,2.091,1.615,2.31,234.1818182,280762
United States,South Carolina,8012427,8012427,473639,84530,95663,66101,98121,95698,97295,93513,92121,63831,90610,72976,1.732,1.808,1.765,86405.36364,7061968
United States,South Dakota,19974629,27568,17023,519,495,1612,1434,1896,1860,1781,2187,1600,2254,1402,1.156,1.277,3.986,1549.090909,19957589
United States,Tennessee,10918204,10918204,271743,43104,32813,26531,40288,40501,41407,43698,39242,23231,32676,25194,1.863,1.741,2.765,35335,10529519
United States,Texas,68621327,4852215,523204,97895,75390,68491,104213,104370,92471,106248,94232,80143,95815,112812,1.258,1.019,7.051,93825.45455,67589247
United States,Utah,21983248,21983248,32196,6569,39611,13369,16970,21874,12472,23180,7895,13012,7846,22162,1.679,1.503,1.267,16814.54545,21798288
United States,Vermont,2494848,1823461,40076,2732,2031,888,2118,2336,3047,2007,2435,2476,3904,1717,0.983,0.989,3.804,2335.545455,2469157
United States,Virginia,10374540,10374540,332719,55663,54549,40984,56372,63425,67541,68154,67132,56524,59287,49442,2.051,1.628,2.653,58097.54545,9735467
United States,Washington,17487418,6849112,241202,67867,62333,72199,92502,73418,117732,81331,81292,50542,52520,48810,1.119,1.396,1.149,72776.90909,16686872
United States,West Virginia,6268946,6268946,87217,8459,8921,3410,7619,12728,10446,15507,12859,9594,10506,7716,1.385,1.264,4.682,9796.818182,6161181
United States,Wisconsin,16929671,5457844,423441,16196,12755,7422,17224,16376,14839,20552,18604,19994,18054,16216,1.691,1.958,3.905,16202.90909,16751439
United States,Wyoming,25329647,25329647,62790,21547,18350,18562,19252,32120,8641,33696,31929,14013,20475,25537,0.62,0.89,1.067,22192.90909,25085525
